출항일,건수,중량
2021.9.30,5,"9,900"
2021.10.1,6,"9,700"
2021.10.2,5,"9,450"
2021.10.3,4,"6,900"
2021.10.4,7,"10,500"
2021.10.5,4,"6,800"
2021.10.6,7,"13,150"
2021.10.7,9,"14,900"
2021.10.8,13,"21,350"
2021.10.9,5,"9,800"
2021.10.10,14,"24,700"
2021.10.11,16,"27,000"
2021.10.12,13,"22,950"
2021.10.13,15,"27,550"
2021.10.14,6,"12,450"
2021.10.15,11,"19,950"
2021.10.17,17,"30,700"
2021.10.18,15,"27,800"
2021.10.20,26,"49,600"
2021.10.21,9,"15,800"
2021.10.22,14,"25,700"
2021.10.23,22,"38,500"
2021.10.24,11,"17,550"
2021.10.25,19,"33,650"
2021.10.26,21,"35,850"
2021.10.27,12,"21,750"
2021.10.28,13,"22,350"
2021.10.29,23,"38,300"
2021.10.30,11,"19,350"
2021.10.31,18,"34,100"
2021.11.1,19,"33,750"
2021.11.2,19,"32,350"
2021.11.3,13,"24,700"
2021.11.4,12,"22,250"
2021.11.5,14,"25,900"
2021.11.6,13,"23,500"
2021.11.7,21,"37,950"
2021.11.9,23,"42,450"
2021.11.11,25,"44,650"
2021.11.12,12,"20,150"
2021.11.13,10,"19,700"
2021.11.14,24,"40,150"
2021.11.16,21,"38,050"
2021.11.17,20,"36,350"
2021.11.18,20,"36,650"
2021.11.19,12,"22,570"
2021.11.20,5,"10,680"
2021.11.21,24,"45,750"
2021.11.25,39,"71,000"
2021.11.26,12,"22,000"
2021.11.27,11,"19,700"
2021.11.28,11,"18,900"
2021.11.29,23,"40,200"
2021.11.30,17,"30,550"
2021.12.2,15,"32,120"
2021.12.3,21,"38,400"
2021.12.4,8,"16,000"
2021.12.5,13,"23,150"
2021.12.6,16,"27,000"
2021.12.7,18,"31,700"
2021.12.8,10,"20,500"
2021.12.9,17,"30,400"
2021.12.10,16,"28,650"
2021.12.11,15,"27,900"
2021.12.12,13,"22,150"
2021.12.13,12,"20,050"
2021.12.15,43,"83,600"
2021.12.16,37,"66,680"
2021.12.17,18,"33,240"
2021.12.19,13,"24,820"
2021.12.20,18,"32,200"
2021.12.21,29,"55,050"
2021.12.22,26,"50,200"
2021.12.23,12,"23,250"
2021.12.24,12,"22,250"
2021.12.27,14,"25,350"
2021.12.28,23,"43,710"
2021.12.29,13,"23,850"
2021.12.30,24,"46,960"
2022.1.1,22,"37,340"
2022.1.2,9,"16,100"
2022.1.3,15,"27,450"
2022.1.4,17,"31,800"
2022.1.5,3,"5,300"
2022.1.6,23,"45,120"
2022.1.7,6,"12,110"
2022.1.8,24,"55,700"
2022.1.9,6,"10,270"
2022.1.10,19,"32,010"
2022.1.13,28,"51,580"
2022.1.15,27,"48,350"
2022.1.16,13,"26,310"
2022.1.17,29,"55,700"
2022.1.18,15,"28,000"
2022.1.19,21,"39,530"
2022.1.21,21,"39,160"
2022.1.22,22,"45,240"
2022.1.23,15,"30,010"
2022.1.24,14,"39,140"
2022.1.25,15,"28,440"
2022.1.26,18,"30,240"
2022.1.27,17,"31,110"
2022.1.28,19,"34,970"
2022.1.29,35,"61,850"
2022.1.30,25,"44,420"
2022.1.31,16,"28,400"
2022.2.1,11,"18,300"
2022.2.2,17,"28,450"
2022.2.3,42,"72,220"
2022.2.5,50,"88,380"
2022.2.6,23,"41,460"
2022.2.7,47,"81,290"
2022.2.8,32,"63,710"
2022.2.9,22,"43,890"
2022.2.10,27,"53,390"
2022.2.11,24,"58,650"
2022.2.12,22,"41,200"
2022.2.13,17,"30,690"
2022.2.14,27,"61,050"
2022.2.15,48,"88,160"
2022.2.19,72,"149,730"
2022.2.21,37,"65,150"
2022.2.22,17,"31,780"
2022.2.23,14,"24,670"
2022.2.24,42,"89,720"
2022.2.25,39,"66,450"
2022.2.26,37,"71,770"
2022.2.27,27,"59,880"
2022.2.28,52,"96,250"
2022.3.1,52,"142,200"
2022.3.2,36,"72,360"
2022.3.3,27,"54,810"
2022.3.4,27,"56,400"
2022.3.7,63,"141,770"
2022.3.10,56,"112,820"
2022.3.12,52,"110,960"
2022.3.25,81,"185,600"
2022.3.28,58,"141,730"
2022.3.29,45,"91,020"
2022.3.30,41,"74,600"
2022.3.31,48,"89,210"
2022.4.1,18,"42,850"
2022.4.2,30,"72,760"
2022.4.3,29,"59,350"
2022.4.4,26,"73,330"
2022.4.5,27,"58,290"
2022.4.6,30,"90,740"
2022.4.7,35,"67,010"
2022.4.8,14,"40,170"
2022.4.9,20,"35,430"
2022.4.10,32,"61,750"
2022.4.11,37,"76,260"
2022.4.12,28,"61,730"
2022.4.13,32,"80,260"
2022.4.14,35,"74,240"
2022.4.15,22,"48,640"
2022.4.16,29,"58,290"
2022.4.17,45,"85,850"
2022.4.18,38,"89,730"
2022.4.19,34,"69,910"
2022.4.20,28,"48,420"
2022.4.21,22,"43,000"
2022.4.22,14,"27,990"
2022.4.23,35,"69,070"
2022.4.24,52,"101,230"
2022.4.25,42,"78,660"
2022.4.26,33,"65,010"
2022.4.27,31,"76,030"
2022.4.28,35,"80,680"
2022.4.29,24,"47,500"
2022.4.30,44,"78,130"
2022.5.1,46,"86,870"
2022.5.2,31,"62,290"
2022.5.3,51,"95,350"
2022.5.4,40,"84,400"
2022.5.5,37,"91,740"
2022.5.6,33,"63,620"
2022.5.7,35,"69,680"
2022.5.8,61,"114,950"
2022.5.9,73,"149,450"
2022.5.10,48,"94,480"
2022.5.11,33,"71,010"
2022.5.12,27,"59,960"
2022.5.13,29,"77,100"
2022.5.14,39,"79,450"
2022.5.15,42,"79,610"
2022.5.16,54,"116,230"
2022.5.17,45,"100,170"
2022.5.18,41,"94,070"
2022.5.19,23,"70,800"
2022.5.20,28,"44,730"
2022.5.21,35,"66,810"
2022.5.22,52,"93,400"
2022.5.23,62,"126,290"
2022.5.24,48,"96,260"
2022.5.25,35,"71,140"
2022.5.26,33,"82,480"
2022.5.27,38,"73,910"
2022.5.28,35,"62,610"
2022.5.29,52,"124,920"
2022.5.30,54,"107,840"
2022.5.31,72,"145,445"
2022.6.1,66,"128,875"
2022.6.2,43,"81,820"
2022.6.3,41,"111,560"
2022.6.4,29,"55,600"
2022.6.7,42,"82,240"
2022.6.8,64,"136,605"
2022.6.9,64,"126,660"
2022.6.10,16,"38,400"
2022.6.11,27,"54,240"
2022.6.12,55,"100,330"
2022.6.13,32,"76,370"
2022.6.14,34,"84,760"
2022.6.15,63,"137,560"
2022.6.16,40,"85,505"
2022.6.17,24,"42,220"
2022.6.18,25,"47,750"
2022.6.19,40,"80,990"
2022.6.20,57,"129,145"
2022.6.21,46,"115,930"
2022.6.22,28,"57,500"
2022.6.24,27,"52,530"
2022.6.25,38,"86,730"
2022.6.26,52,"96,895"
2022.6.27,78,"215,570"
2022.6.29,77,"164,730"
2022.6.30,53,"106,640"
2022.7.1,38,"73,670"
2022.7.2,26,"53,740"
2022.7.3,33,"62,014"
2022.7.4,50,"97,525"
2022.7.6,59,"126,530"
2022.7.7,39,"82,690"
2022.7.8,28,"56,160"
2022.7.9,25,"47,680"
2022.7.10,46,"83,370"
2022.7.11,56,"114,620"
2022.7.13,49,"101,335"
2022.7.14,39,"88,295"
2022.7.15,39,"84,385"
2022.7.16,36,"74,470"
2022.7.17,54,"120,560"
2022.7.18,81,"164,450"
2022.7.20,85,"176,835"
2022.7.21,85,"168,770"
2022.7.22,73,"129,010"
2022.7.23,92,"182,130"
2022.7.24,96,"189,075"
2022.7.25,72,"133,540"
2022.7.26,70,"138,090"
2022.7.27,95,"196,360"
2022.7.28,86,"162,015"
2022.7.29,96,"173,340"
2022.7.30,95,"165,810"
2022.7.31,90,"161,420"
2022.8.1,95,"193,093"
2022.8.2,92,"167,360"
2022.8.3,58,"107,940"
2022.8.4,69,"133,500"
2022.8.5,68,"135,990"
2022.8.6,95,"196,575"
2022.8.7,95,"167,040"
2022.8.8,91,"166,780"
2022.8.9,57,"109,897"
2022.8.10,72,"138,510"
2022.8.11,82,"163,000"
2022.8.12,65,"123,985"
2022.8.13,65,"125,640"
2022.8.14,75,"134,370"
2022.8.15,61,"106,160"
2022.8.16,77,"152,740"
2022.8.17,51,"104,890"
2022.8.18,51,"96,120"
2022.8.19,35,"64,820"
2022.8.20,42,"84,990"
2022.8.21,63,"118,200"
2022.8.22,63,"116,520"
2022.8.23,41,"81,610"
2022.8.24,56,"107,030"
2022.8.25,52,"122,700"
2022.8.26,47,"84,920"
2022.8.27,56,"108,560"
2022.8.28,72,"140,040"
2022.8.29,44,"79,430"
2022.8.30,59,"124,275"
2022.9.1,58,"135,625"
2022.9.2,21,"41,930"
2022.9.7,91,"183,550"
2022.9.8,59,"115,810"
2022.9.9,74,"134,020"
2022.9.10,36,"64,040"
2022.9.11,43,"81,450"
2022.9.12,87,"163,510"
2022.9.13,89,"183,500"
2022.9.14,68,"143,430"
2022.9.15,48,"128,590"
2022.9.16,37,"68,470"
2022.9.22,172,"374,155"
2022.9.23,49,"110,340"
2022.9.24,32,"64,530"
2022.9.25,60,"117,850"
2022.9.26,69,"149,745"
2022.9.27,59,"127,870"
2022.9.28,57,"122,085"
2022.9.29,70,"135,800"
2022.9.30,43,"86,715"
2022.10.1,40,"85,540"
2022.10.2,38,"68,530"
2022.10.3,62,"109,060"
2022.10.5,47,"94,240"
2022.10.8,74,"144,450"
2022.10.9,53,"98,570"
2022.10.11,68,"150,866"
2022.10.12,61,"125,810"
2022.10.13,56,"128,800"
2022.10.14,37,"70,420"
2022.10.15,38,"76,586"
2022.10.16,57,"124,307"
2022.10.17,51,"108,510"
2022.10.18,62,"117,068"
2022.10.19,36,"73,540"
2022.10.20,46,"98,500"
2022.10.21,18,"39,530"
2022.10.22,31,"75,829"
2022.10.23,43,"87,540"
2022.10.24,63,"141,678"
2022.10.25,53,"101,510"
2022.10.26,53,"110,300"
2022.10.27,49,"111,518"
2022.10.28,38,"72,040"
2022.10.29,37,"77,480"
2022.10.30,39,"70,760"
2022.10.31,58,"113,290"
2022.11.1,35,"85,030"
2022.11.2,41,"79,110"
2022.11.3,29,"55,700"
2022.11.4,30,"60,960"
2022.11.5,17,"38,390"
2022.11.6,38,"79,698"
2022.11.7,43,"88,110"
2022.11.8,33,"76,890"
2022.11.9,40,"81,545"
2022.11.10,20,"34,920"
2022.11.11,27,"62,178"
2022.11.12,29,"57,060"
2022.11.14,61,"115,980"
2022.11.15,24,"52,690"
2022.11.16,29,"55,720"
2022.11.17,36,"86,393"
2022.11.18,25,"46,120"
2022.11.19,29,"64,300"
2022.11.20,35,"70,540"
2022.11.21,42,"91,550"
2022.11.23,41,"86,600"
2022.11.24,24,"44,730"
2022.11.25,23,"44,115"
2022.11.26,19,"48,116"
2022.11.27,44,"98,610"
2022.11.28,35,"67,070"
2022.12.1,39,"84,280"
2022.12.2,24,"61,020"
2022.12.3,24,"51,730"
2022.12.4,32,"60,740"
2022.12.5,33,"71,710"
2022.12.6,41,"82,935"
2022.12.7,34,"69,970"
2022.12.8,29,"72,495"
2022.12.9,17,"53,450"
2022.12.10,41,"98,165"
2022.12.30,75,"178,453"
2022.12.31,16,"29,850"
2023.1.1,20,"38,550"
2023.1.2,19,"44,130"
2023.1.3,29,"72,985"
2023.1.4,25,"55,290"
2023.1.5,13,"31,685"
2023.1.6,17,"37,660"
2023.1.7,14,"34,375"
2023.1.8,26,"56,650"
2023.1.9,29,"60,670"
2023.1.10,29,"57,770"
2023.1.11,35,"67,430"
2023.1.12,25,"49,850"
2023.1.13,20,"35,675"
2023.1.16,45,"88,500"
2023.1.17,29,"67,995"
2023.1.18,21,"39,300"
2023.1.20,57,"127,370"
2023.1.21,31,"49,690"
2023.1.22,34,"58,040"
2023.1.25,49,"89,750"
2023.1.26,31,"65,020"
2023.1.28,27,"45,160"
2023.1.30,32,"54,130"
2023.2.1,63,"134,390"
2023.2.2,53,"127,020"
2023.2.3,30,"57,460"
2023.2.4,23,"48,980"
2023.2.5,35,"70,080"
2023.2.6,44,"87,950"
2023.2.7,29,"50,059"
2023.2.8,21,"37,760"
2023.2.9,30,"67,140"
2023.2.10,29,"65,370"
2023.2.11,28,"55,440"
2023.2.12,44,"83,700"
2023.2.13,33,"79,420"
2023.2.15,43,"83,180"
2023.2.16,51,"94,928"
2023.2.17,44,"81,580"
2023.2.18,47,"90,180"
2023.2.19,48,"96,370"
2023.2.20,42,"82,990"
2023.2.21,49,"107,400"
2023.2.23,81,"169,790"
2023.2.24,47,"90,140"
2023.2.25,34,"71,410"
2023.2.26,76,"138,730"
2023.2.27,78,"172,565"
2023.2.28,71,"138,610"
2023.3.1,57,"109,130"
2023.3.2,54,"137,290"
2023.3.3,52,"102,740"
2023.3.4,30,"70,400"
2023.3.5,51,"123,900"
2023.3.6,67,"134,590"
2023.3.7,55,"134,880"
2023.3.9,74,"146,160"
2023.3.10,40,"87,150"
2023.3.11,51,"112,210"
2023.3.13,78,"165,626"
2023.3.14,54,"118,000"
2023.3.15,48,"98,380"
2023.3.16,51,"112,690"
2023.3.17,47,"89,100"
2023.3.18,23,"53,502"
2023.3.19,46,"92,917"
2023.3.20,63,"128,360"
2023.3.21,39,"80,450"
2023.3.23,52,"118,760"
2023.3.24,29,"65,350"
2023.3.25,22,"45,850"
2023.3.26,46,"100,900"
2023.3.27,53,"115,940"
2023.3.28,55,"123,100"
2023.3.29,42,"106,210"
2023.3.30,46,"96,090"
2023.3.31,18,"50,550"
2023.4.2,82,"161,790"
2023.4.3,64,"141,850"
2023.4.4,32,"76,880"
2023.4.6,75,"168,230"
2023.4.7,21,"57,190"
2023.4.8,46,"102,210"
2023.4.9,63,"138,479"
2023.4.10,56,"121,430"
2023.4.11,37,"81,420"
2023.4.12,63,"126,160"
2023.4.13,35,"79,350"
2023.4.14,29,"65,650"
2023.4.15,43,"98,598"
2023.4.16,60,"115,690"
2023.4.17,56,"111,160"
2023.4.18,43,"105,620"
2023.4.19,55,"115,350"
2023.4.20,40,"86,950"
2023.4.21,22,"43,810"
2023.4.22,33,"78,290"
2023.4.23,85,"172,025"
2023.4.24,48,"101,560"
2023.4.25,47,"99,285"
2023.4.26,62,"123,530"
2023.4.27,54,"120,020"
2023.4.28,20,"54,440"
2023.4.29,48,"102,750"
2023.4.30,96,"183,440"
2023.5.1,65,"143,570"
2023.5.2,33,"74,440"
2023.5.3,67,"144,500"
2023.5.4,26,"56,260"
2023.5.5,56,"101,520"
2023.5.7,69,"131,899"
2023.5.8,76,"156,490"
2023.5.9,52,"107,150"
2023.5.10,58,"130,140"
2023.5.11,47,"108,790"
2023.5.12,21,"48,280"
2023.5.13,26,"55,520"
2023.5.14,70,"133,153"
2023.5.15,67,"165,080"
2023.5.16,52,"116,640"
2023.5.17,61,"122,200"
2023.5.18,59,"120,700"
2023.5.19,20,"41,960"
2023.5.20,30,"68,030"
2023.5.21,65,"124,580"
2023.5.22,64,"141,890"
2023.5.23,59,"129,840"
2023.5.24,56,"125,590"
2023.5.25,68,"136,580"
2023.5.26,44,"87,330"
2023.5.27,58,"121,330"
2023.5.28,64,"127,780"
2023.5.29,60,"120,430"
2023.5.30,64,"142,250"
2023.5.31,53,"113,830"
2023.6.1,60,"125,260"
2023.6.2,57,"124,652"
2023.6.3,69,"146,600"
2023.6.4,51,"96,940"
2023.6.5,54,"106,540"
2023.6.6,65,"138,130"
2023.6.7,48,"100,970"
2023.6.8,43,"100,050"
2023.6.9,27,"62,960"
2023.6.10,35,"80,970"
2023.6.11,75,"159,790"
2023.6.12,72,"148,150"
2023.6.13,52,"145,990"
2023.6.14,56,"154,080"
2023.6.15,39,"124,080"
2023.6.16,32,"95,720"
2023.6.17,44,"134,120"
2023.6.18,43,"117,780"
2023.6.19,56,"139,920"
2023.6.20,35,"111,440"
2023.6.21,49,"129,450"
2023.6.22,67,"175,080"
2023.6.23,42,"109,970"
2023.6.24,39,"132,500"
2023.6.25,44,"119,220"
2023.6.26,43,"118,720"
2023.6.27,46,"137,580"
2023.6.28,39,"116,190"
2023.6.29,32,"102,600"
2023.6.30,48,"125,040"
2023.7.1,30,"98,690"
2023.7.2,45,"129,490"
2023.7.4,59,"155,650"
2023.7.6,70,"191,200"
2023.7.7,35,"97,300"
2023.7.8,29,"98,270"
2023.7.9,40,"113,280"
2023.7.10,49,"133,930"
2023.7.11,53,"145,260"
2023.7.12,42,"129,810"
2023.7.13,44,"128,660"
2023.7.14,17,"77,010"
2023.7.15,32,"114,640"
2023.7.16,46,"118,420"
2023.7.17,45,"123,010"
2023.7.18,43,"127,620"
2023.7.20,85,"214,140"
2023.7.21,64,"140,050"
2023.7.22,39,"81,570"
2023.7.23,60,"115,680"
2023.7.24,84,"182,320"
2023.7.25,65,"133,500"
2023.7.26,68,"134,760"
2023.7.27,63,"134,480"
2023.7.28,140,"259,785"
2023.7.29,118,"226,640"
2023.7.30,75,"140,480"
2023.7.31,124,"291,155"
2023.8.1,101,"200,780"
2023.8.2,134,"271,980"
2023.8.3,82,"192,210"
2023.8.4,90,"175,910"
2023.8.5,57,"106,480"
2023.8.6,57,"106,250"
2023.8.7,44,"77,950"
2023.8.11,142,"262,910"
2023.8.12,121,"234,510"
2023.8.13,73,"139,990"
2023.8.14,74,"154,370"
2023.8.15,73,"141,836"
2023.8.16,70,"159,610"
2023.8.17,64,"132,960"
2023.8.18,53,"102,110"
2023.8.19,41,"80,670"
2023.8.20,77,"171,520"
2023.8.21,53,"143,890"
2023.8.22,51,"110,410"
2023.8.23,73,"205,320"
2023.8.24,43,"99,540"
2023.8.25,52,"120,960"
2023.8.26,26,"64,880"
2023.8.27,56,"120,300"
2023.8.28,39,"124,340"
2023.8.30,66,"198,800"
2023.9.1,83,"167,360"
2023.9.7,71,"191,380"
2023.9.8,49,"94,350"
2023.9.9,27,"68,620"
2023.9.10,78,"157,090"
2023.9.11,62,"173,110"
2023.9.12,37,"82,680"
2023.9.13,45,"106,190"
2023.9.14,48,"111,310"
2023.9.15,55,"125,980"
2023.9.16,26,"51,030"
2023.9.17,69,"156,130"
2023.9.18,60,"159,940"
2023.9.19,32,"81,900"
2023.9.20,46,"108,210"
2023.9.25,34,"65,400"
2023.9.26,71,"144,020"
2023.9.27,134,"274,340"
2023.9.28,126,"235,060"
2023.9.29,112,"212,770"
2023.9.30,123,"236,130"
2023.10.1,99,"186,740"
2023.10.2,96,"174,350"
2023.10.3,104,"199,430"
2023.10.4,75,"151,420"
2023.10.5,89,"227,280"
2023.10.6,42,"82,960"
2023.10.7,87,"178,050"
2023.10.8,37,"69,020"
2023.10.9,60,"129,870"
2023.10.10,49,"103,640"
2023.10.11,45,"186,060"
2023.10.12,47,"116,160"
2023.10.13,43,"118,970"
2023.10.14,43,"89,780"
2023.10.15,59,"124,860"
2023.10.16,68,"150,780"
2023.10.17,45,"123,830"
2023.10.18,53,"146,010"
2023.10.19,45,"118,400"
2023.10.21,39,"123,280"
2023.10.22,56,"117,630"
2023.10.23,78,"207,240"
2023.10.24,55,"176,610"
2023.10.25,49,"130,020"
2023.10.26,46,"125,740"
2023.10.27,39,"77,150"
2023.10.28,31,"71,140"
2023.10.29,60,"124,150"
2023.10.30,56,"136,290"
2023.10.31,48,"138,390"
2023.11.1,37,"88,080"
2023.11.2,29,"68,210"
2023.11.3,43,"143,710"
2023.11.4,30,"65,400"
2023.11.7,114,"260,160"
2023.11.8,54,"239,060"
2023.11.9,48,"132,610"
2023.11.10,24,"54,280"
2023.11.11,26,"86,300"
2023.11.12,36,"66,370"
2023.11.13,68,"148,870"
2023.11.14,40,"115,050"
2023.11.15,48,"136,790"
2023.11.16,34,"89,860"
2023.11.18,31,"118,000"
2023.11.19,42,"90,800"
2023.11.20,56,"132,340"
2023.11.21,47,"115,920"
2023.11.22,38,"151,340"
2023.11.24,40,"99,890"
2023.11.25,29,"88,500"
2023.11.26,64,"145,290"
2023.11.30,50,"116,370"
2023.12.1,69,"188,570"
2023.12.2,26,"63,020"
2023.12.3,40,"105,800"
2023.12.4,53,"130,158"
2023.12.5,65,"234,310"
2023.12.7,48,"132,050"
2023.12.8,31,"80,350"
2023.12.9,40,"88,830"
2023.12.22,67,"147,580"
2023.12.23,23,"65,120"
2023.12.24,20,"54,890"
2023.12.25,47,"163,640"
2023.12.26,56,"186,760"
2023.12.27,39,"81,370"
2023.12.28,31,"73,200"
2023.12.29,51,"108,500"
2023.12.30,37,"84,480"
2024.1.1,32,"67,790"
2024.1.2,36,"85,150"
2024.1.3,29,"78,210"
2024.1.4,27,"73,330"
2024.1.5,23,"52,690"
2024.1.6,21,"56,660"
2024.1.8,41,"98,440"
2024.1.9,21,"47,460"
2024.1.10,25,"56,270"
2024.1.12,43,"96,090"
2024.1.13,25,"56,320"
2024.1.14,18,"33,250"
2024.1.15,32,"66,640"
2024.1.16,32,"76,334"
2024.1.17,26,"60,950"
2024.1.18,28,"62,243"
2024.1.19,21,"38,650"
2024.1.21,28,"84,960"
2024.1.25,51,"115,540"
2024.1.26,38,"74,790"
2024.1.27,18,"44,360"
2024.1.28,26,"50,130"
2024.1.30,72,"183,700"
2024.1.31,55,"173,500"
2024.2.2,50,"138,260"
2024.2.3,26,"80,710"
2024.2.5,30,"62,810"
2024.2.6,28,"92,760"
2024.2.7,32,"93,340"
2024.2.8,46,"87,420"
2024.2.9,26,"49,470"
2024.2.10,19,"36,530"
2024.2.11,30,"51,190"
2024.2.12,58,"116,720"
2024.2.13,81,"182,450"
2024.2.14,83,"181,290"
2024.2.16,91,"220,241"
2024.2.17,62,"140,090"
2024.2.22,107,"232,850"
2024.2.23,70,"140,880"
2024.2.25,120,"374,142"
2024.2.26,75,"177,700"
2024.2.27,64,"134,670"
2024.2.28,97,"197,770"
2024.2.29,90,"186,510"
2024.3.2,76,"171,550"
2024.3.3,49,"117,180"
2024.3.4,65,"178,530"
2024.3.5,55,"173,120"
2024.3.6,41,"121,360"
2024.3.7,60,"208,730"
2024.3.8,45,"129,200"
2024.3.9,44,"106,500"
2024.3.10,65,"141,460"
2024.3.11,84,"220,220"
2024.3.12,65,"180,240"
2024.3.13,63,"148,400"
2024.3.14,43,"110,880"
2024.3.15,44,"112,630"
2024.3.16,31,"77,640"
2024.3.17,65,"154,710"
2024.3.18,65,"145,560"
2024.3.20,56,"156,910"
2024.3.21,60,"152,970"
2024.3.22,37,"89,710"
2024.3.23,39,"86,850"
2024.3.24,48,"107,260"
2024.3.26,95,"228,730"
2024.3.27,57,"185,550"
2024.3.28,63,"143,020"
2024.3.29,45,"227,090"
2024.3.30,38,"128,830"
2024.3.31,47,"117,740"
2024.4.1,70,"205,530"
2024.4.2,39,"146,350"
2024.4.3,29,"92,510"
2024.4.4,50,"137,110"
2024.4.5,46,"179,500"
2024.4.6,33,"101,610"
2024.4.7,50,"116,240"
2024.4.8,67,"215,100"
2024.4.9,47,"106,324"
2024.4.10,68,"157,550"
2024.4.11,42,"95,820"
2024.4.12,28,"70,700"
2024.4.13,29,"73,080"
2024.4.14,66,"148,210"
2024.4.15,58,"210,630"
2024.4.16,53,"158,200"
2024.4.17,44,"150,750"
2024.4.18,50,"126,170"
2024.4.19,19,"53,170"
2024.4.20,40,"115,060"
2024.4.21,55,"164,190"
2024.4.22,61,"145,670"
2024.4.23,48,"116,830"
2024.4.24,51,"148,520"
2024.4.25,52,"138,280"
2024.4.26,25,"56,750"
2024.4.27,51,"132,520"
2024.4.28,58,"163,830"
2024.4.29,51,"118,160"
2024.4.30,63,"146,490"
2024.5.1,57,"113,990"
2024.5.2,80,"207,800"
2024.5.3,33,"70,900"
2024.5.4,38,"96,030"
2024.5.6,33,"70,450"
2024.5.7,101,"240,258"
2024.5.8,57,"116,750"
2024.5.9,47,"119,350"
2024.5.10,52,"171,080"
2024.5.11,61,"143,770"
2024.5.12,49,"124,850"
2024.5.13,49,"107,430"
2024.5.14,74,"183,440"
2024.5.16,70,"205,640"
2024.5.17,34,"90,200"
2024.5.18,45,"186,420"
2024.5.19,54,"124,620"
2024.5.20,69,"177,580"
2024.5.21,46,"121,600"
2024.5.22,42,"90,270"
2024.5.23,67,"212,740"
2024.5.24,25,"50,950"
2024.5.25,36,"91,120"
2024.5.26,68,"204,070"
2024.5.27,53,"116,170"
2024.5.28,52,"141,680"
2024.5.29,47,"105,780"
2024.5.30,44,"111,530"
2024.5.31,20,"50,380"
2024.6.2,117,"321,700"
2024.6.3,72,"153,660"
2024.6.4,72,"227,480"
2024.6.5,60,"144,930"
2024.6.6,79,"176,970"
2024.6.7,46,"88,460"
2024.6.8,33,"87,530"
2024.6.9,44,"111,300"
2024.6.10,69,"170,870"
2024.6.11,52,"138,760"
2024.6.12,40,"95,120"
2024.6.13,65,"163,850"
2024.6.14,44,"122,560"
2024.6.15,22,"71,580"
2024.6.16,49,"121,380"
2024.6.17,63,"140,840"
2024.6.18,59,"170,940"
2024.6.19,53,"132,630"
2024.6.20,71,"172,310"
2024.6.21,36,"74,830"
2024.6.22,20,"81,770"
2024.6.23,67,"144,560"
2024.6.24,42,"98,660"
2024.6.25,46,"124,610"
2024.6.26,42,"121,820"
2024.6.27,46,"133,830"
2024.6.28,38,"81,770"
2024.6.30,48,"123,660"
2024.7.1,44,"99,760"
2024.7.4,72,"155,440"
2024.7.5,31,"68,770"
2024.7.6,29,"77,810"
2024.7.7,50,"114,140"
2024.7.8,54,"113,700"
2024.7.10,62,"163,110"
2024.7.11,50,"126,680"
2024.7.13,29,"82,650"
2024.7.14,61,"160,990"
2024.7.15,50,"121,980"
2024.7.16,46,"125,150"
2024.7.17,27,"53,150"
2024.7.18,49,"136,680"
2024.7.19,45,"91,020"
2024.7.20,45,"115,000"
2024.7.21,55,"137,330"
2024.7.22,83,"233,280"
2024.7.23,62,"164,200"
2024.7.24,75,"158,450"
2024.7.25,93,"203,830"
2024.7.26,106,"198,630"
2024.7.27,133,"279,750"
2024.7.28,114,"228,320"
2024.7.29,115,"240,820"
2024.7.30,145,"317,280"
2024.7.31,122,"263,530"
2024.8.1,125,"312,560"
2024.8.2,99,"204,750"
2024.8.3,111,"267,760"
2024.8.4,98,"219,900"
2024.8.5,98,"246,730"
2024.8.6,65,"163,400"
2024.8.7,84,"174,350"
2024.8.8,83,"193,030"
2024.8.9,69,"135,010"
2024.8.10,78,"171,980"
2024.8.11,91,"194,190"
2024.8.12,77,"170,430"
2024.8.13,97,"209,770"
2024.8.14,117,"221,920"
2024.8.15,110,"234,780"
2024.8.16,62,"146,680"
2024.8.17,41,"121,260"
2024.8.18,60,"147,590"
2024.8.19,54,"127,130"
2024.8.20,37,"105,790"
2024.8.21,45,"119,140"
2024.8.22,64,"180,950"
2024.8.23,58,"107,510"
2024.8.24,42,"116,070"
2024.8.25,65,"143,780"
2024.8.26,54,"139,030"
2024.8.27,44,"115,080"
2024.8.28,56,"148,350"
2024.8.29,46,"128,310"
2024.8.30,47,"96,030"
2024.9.1,93,"269,450"
2024.9.4,73,"224,440"
2024.9.9,62,"134,300"
2024.9.10,43,"118,090"
2024.9.11,39,"125,250"
2024.9.12,64,"144,400"
2024.9.13,132,"250,210"
2024.9.14,87,"187,990"
2024.9.15,82,"160,850"
2024.9.16,45,"89,940"
2024.9.17,55,"104,360"
2024.9.18,103,"202,760"
2024.9.19,120,"256,420"
2024.9.22,131,"317,860"
2024.9.23,84,"204,140"
2024.9.24,63,"156,570"
2024.9.25,53,"123,120"
2024.9.26,45,"120,990"
2024.9.27,49,"113,360"
2024.9.28,50,"150,160"
2024.9.29,60,"139,480"
2024.9.30,73,"149,040"
2024.10.1,53,"128,930"
2024.10.2,92,"202,550"
2024.10.4,105,"222,830"
2024.10.5,56,"144,850"
2024.10.6,51,"110,410"
2024.10.7,57,"131,110"
2024.10.8,87,"221,720"
2024.10.9,65,"161,040"
2024.10.10,56,"143,980"
2024.10.11,43,"101,030"
2024.10.12,39,"124,230"
2024.10.13,60,"124,300"
2024.10.14,56,"140,050"
2024.10.15,55,"161,610"
2024.10.16,43,"131,430"
2024.10.17,43,"119,640"
2024.10.18,40,"136,460"
2024.10.20,67,"151,470"
2024.10.21,61,"171,310"
2024.10.22,47,"151,310"
2024.10.23,69,"169,850"
2024.10.24,57,"143,830"
2024.10.25,46,"116,170"
2024.10.26,33,"115,130"
2024.10.27,43,"96,690"
2024.10.28,51,"131,850"
2024.10.29,41,"123,310"
2024.10.30,33,"69,760"
2024.10.31,45,"127,040"
2024.11.1,48,"121,230"
2024.11.2,31,"84,740"
2024.11.3,53,"118,060"
2024.11.4,50,"134,690"
2024.11.5,51,"187,410"
2024.11.6,44,"100,280"
2024.11.7,34,"96,840"
2024.11.8,42,"99,590"
2024.11.9,40,"121,800"
2024.11.10,49,"113,010"
2024.11.11,52,"131,930"
2024.11.12,45,"134,030"
2024.11.13,47,"148,490"
2024.11.14,41,"127,960"
2024.11.15,31,"76,410"
2024.11.16,52,"132,770"
2024.11.18,69,"204,090"
2024.11.19,38,"124,980"
2024.11.20,49,"156,250"
2024.11.21,36,"99,400"
2024.11.22,39,"94,580"
2024.11.23,38,"128,230"
2024.11.24,45,"109,760"
2024.11.28,99,"337,380"
2024.11.30,56,"154,690"
2024.12.1,57,"166,291"
2024.12.2,68,"161,290"
2024.12.3,45,"180,400"
2024.12.4,55,"183,930"
2024.12.6,61,"243,140"
2024.12.7,31,"84,970"
2024.12.8,70,"186,730"
2024.12.24,72,"201,690"
2024.12.27,57,"181,250"
2024.12.28,30,"58,470"
2024.12.29,48,"136,170"
2025.1.1,84,"216,300"
2025.1.2,34,"92,390"
2025.1.3,29,"72,720"
2025.1.4,21,"51,850"
2025.1.5,36,"103,200"
2025.1.10,52,"164,480"
2025.1.11,33,"74,640"
2025.1.12,28,"79,200"
2025.1.13,53,"159,710"
2025.1.14,26,"84,900"
2025.1.15,36,"136,648"
2025.1.16,32,"137,090"
2025.1.17,27,"81,510"
2025.1.18,31,"78,190"
2025.1.19,40,"155,310"
2025.1.20,29,"74,680"
2025.1.21,31,"82,120"
2025.1.23,45,"160,860"
2025.1.24,43,"82,810"
2025.1.25,53,"100,940"
2025.1.26,37,"73,820"
2025.1.30,91,"183,620"
2025.1.31,103,"206,260"
2025.2.1,73,"159,310"
2025.2.2,84,"162,645"
2025.2.6,82,"243,740"
2025.2.8,26,"55,490"
2025.2.9,24,"62,130"
2025.2.10,51,"115,660"
2025.2.11,40,"138,550"
2025.2.12,41,"146,980"
2025.2.13,30,"69,230"
2025.2.14,46,"100,900"
2025.2.15,51,"103,690"
2025.2.17,47,"142,030"
2025.2.18,60,"172,340"
2025.2.20,54,"129,350"
2025.2.21,46,"117,341"
2025.2.22,37,"80,700"
2025.2.23,48,"98,990"
2025.2.24,70,"164,660"
2025.2.25,75,"196,930"
2025.2.26,83,"192,760"
2025.2.27,105,"233,770"
2025.2.28,75,"160,430"
2025.3.1,67,"134,650"
2025.3.2,41,"86,780"
2025.3.5,90,"238,510"
2025.3.6,46,"109,800"
2025.3.7,54,"144,610"
2025.3.8,41,"90,590"
2025.3.9,67,"144,840"
2025.3.10,92,"199,170"
2025.3.11,57,"134,730"
2025.3.12,58,"175,160"
2025.3.13,55,"142,650"
2025.3.14,40,"114,150"
2025.3.15,41,"103,230"
2025.3.17,110,"248,980"
2025.3.19,55,"127,390"
2025.3.20,63,"155,120"
2025.3.21,50,"104,675"
2025.3.22,35,"84,790"
2025.3.23,54,"111,740"
2025.3.24,69,"200,580"
2025.3.25,48,"109,730"
2025.3.26,60,"145,520"
2025.3.27,65,"165,160"
2025.3.28,35,"63,770"
2025.3.29,31,"69,560"
2025.3.30,64,"182,690"
2025.3.31,84,"177,090"
2025.4.1,61,"140,290"
2025.4.2,49,"90,830"
2025.4.3,57,"146,040"
2025.4.4,51,"106,300"
2025.4.5,37,"98,050"
2025.4.6,53,"148,660"
2025.4.7,69,"211,070"
2025.4.8,45,"114,340"
2025.4.9,56,"117,320"
2025.4.10,59,"128,400"
2025.4.11,31,"62,040"
2025.4.13,38,"95,430"
2025.4.14,126,"313,540"
2025.4.15,52,"118,920"
2025.4.16,68,"158,960"
2025.4.17,57,"136,050"
2025.4.18,53,"152,120"
2025.4.19,50,"112,490"
2025.4.20,65,"141,290"
2025.4.21,87,"215,020"
2025.4.22,67,"168,620"
2025.4.23,60,"120,570"
2025.4.24,66,"141,640"
2025.4.25,27,"60,080"
2025.4.26,37,"80,630"
2025.4.27,83,"229,350"
2025.4.28,66,"151,170"
2025.4.29,67,"162,050"
2025.4.30,139,"322,780"
2025.5.1,121,"287,950"
2025.5.2,70,"126,340"
2025.5.3,53,"135,640"
2025.5.4,76,"148,010"
2025.5.5,57,"112,770"
2025.5.6,94,"210,770"
2025.5.7,70,"243,130"
2025.5.8,60,"172,290"
2025.5.9,38,"72,240"
2025.5.10,30,"75,680"
2025.5.11,72,"150,330"
2025.5.12,62,"131,250"
2025.5.13,75,"196,230"
2025.5.14,62,"133,840"
2025.5.15,54,"124,770"
2025.5.16,31,"102,060"
2025.5.17,43,"99,570"
2025.5.18,71,"156,854"
2025.5.19,69,"156,580"
2025.5.20,74,"184,910"
2025.5.21,53,"104,810"
2025.5.22,53,"128,200"
2025.5.23,24,"45,900"
2025.5.24,44,"108,070"
2025.5.25,65,"142,990"
2025.5.26,103,"249,870"
2025.5.27,66,"181,550"
2025.5.28,48,"125,090"
2025.5.29,53,"125,330"
2025.5.30,35,"109,130"
2025.5.31,70,"141,540"
2025.6.1,48,"135,170"
2025.6.2,68,"173,030"
2025.6.3,57,"125,420"
2025.6.4,93,"182,960"
2025.6.5,51,"127,700"
2025.6.6,71,"142,410"
2025.6.7,66,"203,450"
2025.6.8,107,"244,650"
2025.6.9,100,"257,497"
2025.6.10,65,"187,410"
2025.6.12,143,"369,890"
2025.6.13,28,"56,710"
2025.6.14,46,"102,860"
2025.6.16,72,"172,720"
2025.6.17,54,"131,180"
2025.6.18,41,"103,000"
2025.6.19,61,"165,850"
2025.6.21,91,"335,490"
2025.6.22,70,"141,990"
2025.6.23,73,"272,880"
2025.6.24,49,"186,010"
2025.6.25,61,"162,630"
2025.6.26,73,"249,930"
2025.6.27,47,"186,260"
2025.6.28,48,"108,110"
2025.6.29,47,"98,770"
2025.6.30,67,"171,710"
2025.7.3,79,"171,410"
2025.7.4,64,"133,175"
2025.7.5,39,"95,770"
2025.7.6,52,"121,420"
2025.7.7,85,"280,610"
2025.7.8,77,"203,350"
2025.7.9,55,"108,880"
2025.7.10,74,"166,690"
2025.7.11,72,"136,280"
2025.7.12,43,"97,260"
2025.7.13,58,"124,880"
2025.7.15,92,"243,580"
2025.7.16,51,"219,710"
2025.7.17,70,"157,400"
2025.7.18,85,"213,380"
2025.7.19,55,"117,270"
2025.7.20,83,"194,040"
2025.7.21,109,"289,470"
2025.7.22,76,"168,080"
2025.7.23,110,"254,630"
2025.7.24,113,"248,048"
2025.7.25,132,"239,580"
2025.7.26,160,"308,550"
2025.7.27,142,"272,160"
2025.7.28,147,"324,790"
2025.7.29,160,"379,900"
2025.7.30,137,"263,930"
2025.7.31,140,"296,720"
2025.8.1,108,"202,180"
2025.8.2,140,"269,120"
2025.8.3,112,"211,920"
2025.8.4,119,"263,170"
2025.8.5,119,"285,060"
2025.8.6,126,"257,340"
2025.8.7,123,"253,220"
2025.8.8,113,"237,150"
2025.8.9,89,"170,190"
2025.8.10,89,"183,260"
2025.8.11,81,"170,950"
2025.8.12,112,"276,070"
2025.8.13,132,"282,765"
2025.8.14,92,"244,725"
2025.8.15,116,"235,730"
2025.8.16,68,"157,870"
2025.8.17,91,"216,259"
2025.8.18,79,"243,040"
2025.8.19,55,"166,551"
2025.8.20,82,"215,430"
2025.8.21,92,"226,575"
2025.8.22,78,"173,065"
2025.8.23,58,"145,875"
2025.8.24,74,"172,324"
2025.8.25,90,"211,010"
2025.8.26,70,"195,200"
2025.8.27,77,"169,485"
2025.8.28,105,"325,700"
2025.8.29,89,"199,385"
2025.8.30,35,"106,115"
2025.8.31,92,"236,580"
2025.9.3,107,"258,116"
2025.9.4,128,"383,525"
2025.9.5,73,"183,385"
2025.9.6,67,"149,655"
2025.9.7,64,"147,360"
2025.9.8,86,"215,925"
2025.9.9,72,"197,285"
2025.9.10,82,"171,665"
2025.9.11,67,"168,405"
2025.9.12,76,"193,817"
2025.9.13,62,"156,230"
2025.9.14,101,"235,133"
2025.9.15,110,"272,465"
2025.9.16,62,"175,315"
2025.9.17,67,"157,215"
2025.9.18,84,"188,586"
2025.9.19,63,"142,550"
2025.9.20,43,"114,755"
2025.9.21,99,"306,565"
2025.9.22,66,"154,075"
2025.9.23,55,"173,340"
2025.9.24,36,"65,330"